{
  "id": "2191895",
  "name": "photo1",
  "font_family": "iconfont",
  "css_prefix_text": "icon",
  "description": "",
  "glyphs": [
    {
      "icon_id": "856395",
      "name": "客服",
      "font_class": "kefu",
      "unicode": "e63c",
      "unicode_decimal": 58940
    },
    {
      "icon_id": "11520918",
      "name": "店铺",
      "font_class": "dianpu",
      "unicode": "e767",
      "unicode_decimal": 59239
    },
    {
      "icon_id": "1219691",
      "name": "首页",
      "font_class": "shouye",
      "unicode": "e656",
      "unicode_decimal": 58966
    },
    {
      "icon_id": "1400868",
      "name": "我的",
      "font_class": "wode",
      "unicode": "e61d",
      "unicode_decimal": 58909
    },
    {
      "icon_id": "8048443",
      "name": "shoucang",
      "font_class": "shoucang",
      "unicode": "e618",
      "unicode_decimal": 58904
    },
    {
      "icon_id": "10190839",
      "name": "收藏",
      "font_class": "shoucang-",
      "unicode": "e646",
      "unicode_decimal": 58950
    },
    {
      "icon_id": "13173676",
      "name": "订单",
      "font_class": "dingdan",
      "unicode": "e61f",
      "unicode_decimal": 58911
    }
  ]
}
